<keymap version="1" name="Default copy" parent="$default">
  <action id="ActivateProjectToolWindow" />
  <action id="EditorCodeBlockEnd" />
  <action id="Find">
    <keyboard-shortcut first-keystroke="alt f3" />
    <keyboard-shortcut first-keystroke="alt 1" />
  </action>
  <action id="FindInPath">
    <keyboard-shortcut first-keystroke="ctrl alt f" />
  </action>
  <action id="GotoDeclaration">
    <keyboard-shortcut first-keystroke="ctrl b" />
    <mouse-shortcut keystroke="control button1" />
    <mouse-shortcut keystroke="button2" />
    <keyboard-shortcut first-keystroke="ctrl close_bracket" />
  </action>
  <action id="GotoImplementation">
    <keyboard-shortcut first-keystroke="ctrl alt b" />
    <mouse-shortcut keystroke="control alt button1" />
    <keyboard-shortcut first-keystroke="ctrl alt close_bracket" />
  </action>
  <action id="IntroduceField" />
  <action id="NextProjectWindow" />
  <action id="ShowFilterPopup" />
</keymap>