<application>
  <component name="ProjectJdkTable">
    <jdk version="2">
      <name value="Python 3.6 (test)" />
      <type value="Python SDK" />
      <version value="Python 3.6.2" />
      <homePath value="C:\Users\lzy\Desktop\dop-project\test\venv\Scripts\python.exe" />
      <roots>
        <classPath>
          <root type="composite">
            <root url="file://C:/python36/DLLs" type="simple" />
            <root url="file://C:/python36/Lib" type="simple" />
            <root url="file://C:/python36" type="simple" />
            <root url="file://$USER_HOME$/Desktop/dop-project/test/venv" type="simple" />
            <root url="file://$USER_HOME$/Desktop/dop-project/test/venv/Lib/site-packages" type="simple" />
            <root url="jar://$USER_HOME$/Desktop/dop-project/test/venv/Lib/site-packages/setuptools-40.8.0-py3.6.egg!/" type="simple" />
            <root url="file://$USER_HOME$/Desktop/dop-project/test/venv/Lib/site-packages/pip-19.0.3-py3.6.egg" type="simple" />
            <root url="file://$USER_HOME$/.PyCharmCE2019.1/system/python_stubs/-586652106" type="simple" />
            <root url="file://$APPLICATION_HOME_DIR$/helpers/python-skeletons" type="simple" />
            <root url="file://$APPLICATION_HOME_DIR$/helpers/typeshed/stdlib/3" type="simple" />
            <root url="file://$APPLICATION_HOME_DIR$/helpers/typeshed/stdlib/2and3" type="simple" />
            <root url="file://$APPLICATION_HOME_DIR$/helpers/typeshed/third_party/3" type="simple" />
            <root url="file://$APPLICATION_HOME_DIR$/helpers/typeshed/third_party/2and3" type="simple" />
          </root>
        </classPath>
        <sourcePath>
          <root type="composite" />
        </sourcePath>
      </roots>
      <additional ASSOCIATED_PROJECT_PATH="$USER_HOME$/Desktop/dop-project/test" />
    </jdk>
    <jdk version="2">
      <name value="Python 3.6" />
      <type value="Python SDK" />
      <version value="Python 3.6.2" />
      <homePath value="C:\python36\python.exe" />
      <roots>
        <classPath>
          <root type="composite">
            <root url="file://C:/python36/DLLs" type="simple" />
            <root url="file://C:/python36/Lib" type="simple" />
            <root url="file://C:/python36" type="simple" />
            <root url="file://C:/python36/Lib/site-packages" type="simple" />
            <root url="file://$USER_HOME$/.PyCharmCE2019.1/system/python_stubs/1857010712" type="simple" />
            <root url="file://$APPLICATION_HOME_DIR$/helpers/python-skeletons" type="simple" />
            <root url="file://$APPLICATION_HOME_DIR$/helpers/typeshed/stdlib/3" type="simple" />
            <root url="file://$APPLICATION_HOME_DIR$/helpers/typeshed/stdlib/2and3" type="simple" />
            <root url="file://$APPLICATION_HOME_DIR$/helpers/typeshed/third_party/3" type="simple" />
            <root url="file://$APPLICATION_HOME_DIR$/helpers/typeshed/third_party/2and3" type="simple" />
          </root>
        </classPath>
        <sourcePath>
          <root type="composite" />
        </sourcePath>
      </roots>
      <additional />
    </jdk>
  </component>
</application>