<application>
  <component name="VimSettings">
    <state version="4" enabled="true" />
    <globalmarks />
    <filemarks>
      <file name="Z:/dvm-manager-api/run.py" timestamp="1566984742520">
        <mark key="[" line="14" column="10" />
        <mark key="]" line="14" column="40" />
        <mark key="^" line="14" column="40" />
        <mark key="." line="14" column="40" />
      </file>
      <file name="/Dummy.txt" timestamp="1566194746033">
        <mark key="[" line="0" column="0" />
      </file>
      <file name="/Python Console" timestamp="1566281748182">
        <mark key="[" line="0" column="0" />
      </file>
      <file name="Z:/dmall-dop/run.py" timestamp="1564822347060">
        <mark key="[" line="9" column="6" />
      </file>
      <file name="Z:/dmall-dop/config.py" timestamp="1567683261151" />
      <file name="$USER_HOME$/Desktop/dmall-project/openstack-playbook/roles/nova/tasks/main.yml" timestamp="1566267670239">
        <mark key="[" line="37" column="9" />
      </file>
      <file name="$USER_HOME$/Desktop/dmall-project/openstack-playbook/tools/client.py" timestamp="1566283930234">
        <mark key="'" line="263" column="14" />
        <mark key="[" line="342" column="20" />
        <mark key="]" line="342" column="21" />
        <mark key="^" line="338" column="20" />
        <mark key="." line="342" column="21" />
      </file>
      <file name="Z:/dvm-manager-api/app/apis/idc/openstack_service.py" timestamp="1566983770001">
        <mark key="'" line="7" column="28" />
        <mark key="[" line="24" column="26" />
        <mark key="]" line="24" column="32" />
        <mark key="." line="24" column="32" />
        <mark key="^" line="24" column="32" />
      </file>
      <file name="Z:/dvm-manager-api/config.py" timestamp="1566987463515">
        <mark key="'" line="19" column="18" />
        <mark key="[" line="127" column="67" />
        <mark key="]" line="127" column="82" />
        <mark key="^" line="127" column="82" />
        <mark key="." line="127" column="82" />
      </file>
      <file name="$USER_HOME$/Desktop/dmall-project/openstack-playbook/roles/nova/templates/create_nova_user.sh.j2" timestamp="1566267447335">
        <mark key="[" line="1" column="0" />
        <mark key="]" line="1" column="0" />
        <mark key="." line="1" column="0" />
      </file>
      <file name="Z:/dvm-manager-api/app/__init__.py" timestamp="1566886946290">
        <mark key="'" line="16" column="0" />
      </file>
      <file name="Z:/dmall-dop/app/utils/sys_decorators.py" timestamp="1566376220936">
        <mark key="'" line="57" column="28" />
        <mark key="[" line="54" column="0" />
        <mark key="]" line="54" column="0" />
        <mark key="^" line="54" column="29" />
        <mark key="." line="54" column="0" />
      </file>
      <file name="Z:/dvm-manager-api/app/urls.py" timestamp="1566983221766">
        <mark key="[" line="22" column="29" />
        <mark key="]" line="22" column="50" />
        <mark key="." line="22" column="50" />
        <mark key="^" line="22" column="50" />
      </file>
      <file name="Z:/dmall-dop/app/apis/permission/user.py" timestamp="1566375257035">
        <mark key="[" line="343" column="0" />
        <mark key="]" line="343" column="0" />
        <mark key="^" line="343" column="0" />
        <mark key="." line="343" column="0" />
      </file>
      <file name="Z:/dvm-manager-api/app/models/openstack_idc.py" timestamp="1566974337544">
        <mark key="[" line="12" column="22" />
        <mark key="]" line="12" column="25" />
        <mark key="." line="12" column="25" />
        <mark key="^" line="12" column="25" />
      </file>
    </filemarks>
    <jumps>
      <jump line="50" column="11" filename="$USER_HOME$/Desktop/dop-project/dmall-dop/app/__init__.py" />
      <jump line="114" column="4" filename="//10.130.200.128/share/dmall-dop/app/apis/cmdb/machineroom.py" />
      <jump line="155" column="0" filename="Z:/dmall-dop-front/src/assets/css/reset-ui.css" />
      <jump line="59" column="20" filename="Z:/dmall-dop/app/utils/sys_decorators.py" />
      <jump line="50" column="16" filename="Z:/dmall-dop/app/utils/sys_decorators.py" />
      <jump line="14" column="2" filename="Z:/dmall-dop/app/utils/sys_decorators.py" />
      <jump line="81" column="55" filename="Z:/dmall-dop/app/thirdparty/auth_helper.py" />
      <jump line="16" column="28" filename="Z:/dmall-dop/app/thirdparty/auth_helper.py" />
      <jump line="54" column="27" filename="Z:/dmall-dop/app/utils/sys_decorators.py" />
      <jump line="57" column="28" filename="Z:/dmall-dop/app/utils/sys_decorators.py" />
      <jump line="5" column="15" filename="$USER_HOME$/Desktop/dmall-project/openstack-playbook/tools/client.py" />
      <jump line="14" column="34" filename="$USER_HOME$/Desktop/dmall-project/openstack-playbook/tools/client.py" />
      <jump line="121" column="8" filename="$USER_HOME$/Desktop/dmall-project/openstack-playbook/tools/client.py" />
      <jump line="158" column="8" filename="$USER_HOME$/Desktop/dmall-project/openstack-playbook/tools/client.py" />
      <jump line="263" column="14" filename="$USER_HOME$/Desktop/dmall-project/openstack-playbook/tools/client.py" />
      <jump line="99" column="4" filename="Z:/dvm-manager-api/config.py" />
      <jump line="0" column="0" filename="Z:/dvm-manager-api/config.py" />
      <jump line="113" column="34" filename="Z:/dvm-manager-api/config.py" />
      <jump line="123" column="5" filename="Z:/dvm-manager-api/config.py" />
      <jump line="125" column="0" filename="Z:/dvm-manager-api/config.py" />
      <jump line="126" column="0" filename="Z:/dvm-manager-api/config.py" />
      <jump line="58" column="4" filename="Z:/dvm-manager-api/config.py" />
      <jump line="119" column="0" filename="Z:/dvm-manager-api/config.py" />
      <jump line="21" column="38" filename="Z:/dvm-manager-api/config.py" />
      <jump line="13" column="0" filename="Z:/dvm-manager-api/app/__init__.py" />
      <jump line="16" column="0" filename="Z:/dvm-manager-api/app/__init__.py" />
      <jump line="59" column="0" filename="Z:/dvm-manager-api/app/apis/idc/openstack_service.py" />
      <jump line="19" column="18" filename="Z:/dvm-manager-api/config.py" />
      <jump line="7" column="28" filename="Z:/dvm-manager-api/app/apis/idc/openstack_service.py" />
    </jumps>
    <registers>
      <register name="&quot;" type="4">
        <text>AVqw3pFlzpgOKTZb</text>
      </register>
      <register name="-" type="4">
        <text>AVqw3pFlzpgOKTZb</text>
      </register>
      <register name="/" type="4">
        <text>db</text>
      </register>
      <register name="0" type="2">
        <text encoding="base64">ICAgICNEVk1fTVlTUUxfQ0ZHID0geyJob3N0IjogIjEyNy4wLjAuMSIsICJwb3J0IjogMzMwNiwKICAgICAgICAgICAjICAgICAgICAgICJkYiI6ICJkbWFsbF9kdm1fbWFuYWdlciIsICJ1c2VyIjogInJvb3QiLCAicGFzc3dkIjogInRvb3IifQo=</text>
      </register>
      <register name="1" type="2">
        <text encoding="base64">Cg==</text>
      </register>
      <register name="2" type="2">
        <text encoding="base64">Cg==</text>
      </register>
      <register name="3" type="2">
        <text encoding="base64">ICAgIHJldHVybiBteVJlcy50b19qc29uKCkK</text>
      </register>
      <register name="4" type="2">
        <text encoding="base64">ICAgICAgICBsb2dnZXIuZXJyb3IoIkdldCBjaGFubmVsIGxpc3QgZXJyb3IgYnkgJXMiICUgc3RyKGV4KSkK</text>
      </register>
      <register name="5" type="2">
        <text encoding="base64">ICAgICAgICBteVJlcy5zdGF0dXMgPSBSZXNTdGF0ZS5FUlJQUl9HRVQK</text>
      </register>
      <register name="6" type="2">
        <text encoding="base64">ICAgIGV4Y2VwdCBFeGNlcHRpb24gYXMgZXg6Cg==</text>
      </register>
      <register name="7" type="2">
        <text encoding="base64">ICAgICAgICBteVJlcy5tc2cgPSAistnX97PJuaYiCg==</text>
      </register>
      <register name="8" type="2">
        <text encoding="base64">ICAgICAgICBteVJlcy5zdGF0dXMgPSBSZXNTdGF0ZS5IVFRQX1NVQ0NFU1MK</text>
      </register>
      <register name="9" type="2">
        <text encoding="base64">ICAgICAgICAgICAgICAgICAgICAgICAgICAgICAgICAgICAgICAgICAgb3JkZXJzPVtEdm1DaGFubmVsLmlkLmFzYygpXSkK</text>
      </register>
      <register name=":" type="4">
        <text>w</text>
      </register>
    </registers>
    <search>
      <last-search>db</last-search>
      <last-offset />
      <last-pattern>db</last-pattern>
      <last-dir>1</last-dir>
      <show-last>false</show-last>
    </search>
    <history>
      <history-search>
        <entry>func</entry>
        <entry>memcache</entry>
        <entry>creat</entry>
        <entry>default</entry>
        <entry>db</entry>
      </history-search>
      <history-cmd>
        <entry>w</entry>
      </history-cmd>
      <history-expr />
      <history-input />
    </history>
    <shortcut-conflicts>
      <shortcut-conflict owner="vim">
        <text>ctrl pressed S</text>
      </shortcut-conflict>
      <shortcut-conflict owner="vim">
        <text>ctrl pressed F</text>
      </shortcut-conflict>
      <shortcut-conflict owner="ide">
        <text>ctrl pressed A</text>
      </shortcut-conflict>
      <shortcut-conflict owner="ide">
        <text>ctrl pressed C</text>
      </shortcut-conflict>
      <shortcut-conflict owner="vim">
        <text>ctrl pressed B</text>
      </shortcut-conflict>
      <shortcut-conflict owner="ide">
        <text>ctrl pressed CLOSE_BRACKET</text>
      </shortcut-conflict>
      <shortcut-conflict owner="vim">
        <text>ctrl pressed N</text>
      </shortcut-conflict>
      <shortcut-conflict owner="ide">
        <text>ctrl pressed V</text>
      </shortcut-conflict>
      <shortcut-conflict owner="ide">
        <text>ctrl pressed R</text>
      </shortcut-conflict>
    </shortcut-conflicts>
  </component>
</application>